{"jplag_version":{"major":4,"minor":0,"patch":0},"submission_folder_path":["other_files\\1667641053019"],"base_code_folder_path":"","language":"Text Parser (naive)","file_extensions":[".TXT",".txt",".ASC",".asc",".TEX",".tex"],"submission_id_to_display_name":{"21新生赛-郭嘉昊_E.txt":"21新生赛-郭嘉昊_E.txt","21新生赛-黄天佑_F.txt":"21新生赛-黄天佑_F.txt","21新生赛-黄天佑_E.txt":"21新生赛-黄天佑_E.txt","21新生赛-郭嘉昊_F.txt":"21新生赛-郭嘉昊_F.txt","21新生赛-郭嘉昊_I.txt":"21新生赛-郭嘉昊_I.txt","21新生赛-付用鹏_E.txt":"21新生赛-付用鹏_E.txt","21新生赛-鲍一帆_E.txt":"21新生赛-鲍一帆_E.txt"},"submission_ids_to_comparison_file_name":{"21新生赛-郭嘉昊_E.txt":{"21新生赛-黄天佑_F.txt":"21新生赛-黄天佑_F.txt-21新生赛-郭嘉昊_E.txt.json","21新生赛-黄天佑_E.txt":"21新生赛-郭嘉昊_E.txt-21新生赛-黄天佑_E.txt.json","21新生赛-郭嘉昊_F.txt":"21新生赛-郭嘉昊_E.txt-21新生赛-郭嘉昊_F.txt.json","21新生赛-郭嘉昊_I.txt":"21新生赛-郭嘉昊_E.txt-21新生赛-郭嘉昊_I.txt.json","21新生赛-付用鹏_E.txt":"21新生赛-郭嘉昊_E.txt-21新生赛-付用鹏_E.txt.json","21新生赛-鲍一帆_E.txt":"21新生赛-郭嘉昊_E.txt-21新生赛-鲍一帆_E.txt.json"},"21新生赛-黄天佑_F.txt":{"21新生赛-郭嘉昊_E.txt":"21新生赛-黄天佑_F.txt-21新生赛-郭嘉昊_E.txt.json","21新生赛-黄天佑_E.txt":"21新生赛-黄天佑_F.txt-21新生赛-黄天佑_E.txt.json","21新生赛-郭嘉昊_F.txt":"21新生赛-黄天佑_F.txt-21新生赛-郭嘉昊_F.txt.json","21新生赛-郭嘉昊_I.txt":"21新生赛-黄天佑_F.txt-21新生赛-郭嘉昊_I.txt.json","21新生赛-付用鹏_E.txt":"21新生赛-黄天佑_F.txt-21新生赛-付用鹏_E.txt.json","21新生赛-鲍一帆_E.txt":"21新生赛-黄天佑_F.txt-21新生赛-鲍一帆_E.txt.json"},"21新生赛-黄天佑_E.txt":{"21新生赛-郭嘉昊_E.txt":"21新生赛-郭嘉昊_E.txt-21新生赛-黄天佑_E.txt.json","21新生赛-黄天佑_F.txt":"21新生赛-黄天佑_F.txt-21新生赛-黄天佑_E.txt.json","21新生赛-郭嘉昊_F.txt":"21新生赛-黄天佑_E.txt-21新生赛-郭嘉昊_F.txt.json","21新生赛-郭嘉昊_I.txt":"21新生赛-黄天佑_E.txt-21新生赛-郭嘉昊_I.txt.json","21新生赛-付用鹏_E.txt":"21新生赛-黄天佑_E.txt-21新生赛-付用鹏_E.txt.json","21新生赛-鲍一帆_E.txt":"21新生赛-黄天佑_E.txt-21新生赛-鲍一帆_E.txt.json"},"21新生赛-郭嘉昊_F.txt":{"21新生赛-郭嘉昊_E.txt":"21新生赛-郭嘉昊_E.txt-21新生赛-郭嘉昊_F.txt.json","21新生赛-黄天佑_F.txt":"21新生赛-黄天佑_F.txt-21新生赛-郭嘉昊_F.txt.json","21新生赛-黄天佑_E.txt":"21新生赛-黄天佑_E.txt-21新生赛-郭嘉昊_F.txt.json","21新生赛-郭嘉昊_I.txt":"21新生赛-郭嘉昊_F.txt-21新生赛-郭嘉昊_I.txt.json","21新生赛-付用鹏_E.txt":"21新生赛-郭嘉昊_F.txt-21新生赛-付用鹏_E.txt.json","21新生赛-鲍一帆_E.txt":"21新生赛-郭嘉昊_F.txt-21新生赛-鲍一帆_E.txt.json"},"21新生赛-郭嘉昊_I.txt":{"21新生赛-郭嘉昊_E.txt":"21新生赛-郭嘉昊_E.txt-21新生赛-郭嘉昊_I.txt.json","21新生赛-黄天佑_F.txt":"21新生赛-黄天佑_F.txt-21新生赛-郭嘉昊_I.txt.json","21新生赛-黄天佑_E.txt":"21新生赛-黄天佑_E.txt-21新生赛-郭嘉昊_I.txt.json","21新生赛-郭嘉昊_F.txt":"21新生赛-郭嘉昊_F.txt-21新生赛-郭嘉昊_I.txt.json","21新生赛-付用鹏_E.txt":"21新生赛-付用鹏_E.txt-21新生赛-郭嘉昊_I.txt.json","21新生赛-鲍一帆_E.txt":"21新生赛-郭嘉昊_I.txt-21新生赛-鲍一帆_E.txt.json"},"21新生赛-付用鹏_E.txt":{"21新生赛-郭嘉昊_E.txt":"21新生赛-郭嘉昊_E.txt-21新生赛-付用鹏_E.txt.json","21新生赛-黄天佑_F.txt":"21新生赛-黄天佑_F.txt-21新生赛-付用鹏_E.txt.json","21新生赛-黄天佑_E.txt":"21新生赛-黄天佑_E.txt-21新生赛-付用鹏_E.txt.json","21新生赛-郭嘉昊_F.txt":"21新生赛-郭嘉昊_F.txt-21新生赛-付用鹏_E.txt.json","21新生赛-郭嘉昊_I.txt":"21新生赛-付用鹏_E.txt-21新生赛-郭嘉昊_I.txt.json","21新生赛-鲍一帆_E.txt":"21新生赛-付用鹏_E.txt-21新生赛-鲍一帆_E.txt.json"},"21新生赛-鲍一帆_E.txt":{"21新生赛-郭嘉昊_E.txt":"21新生赛-郭嘉昊_E.txt-21新生赛-鲍一帆_E.txt.json","21新生赛-黄天佑_F.txt":"21新生赛-黄天佑_F.txt-21新生赛-鲍一帆_E.txt.json","21新生赛-黄天佑_E.txt":"21新生赛-黄天佑_E.txt-21新生赛-鲍一帆_E.txt.json","21新生赛-郭嘉昊_F.txt":"21新生赛-郭嘉昊_F.txt-21新生赛-鲍一帆_E.txt.json","21新生赛-郭嘉昊_I.txt":"21新生赛-郭嘉昊_I.txt-21新生赛-鲍一帆_E.txt.json","21新生赛-付用鹏_E.txt":"21新生赛-付用鹏_E.txt-21新生赛-鲍一帆_E.txt.json"}},"failed_submission_names":[],"excluded_files":[],"match_sensitivity":5,"date_of_execution":"05/11/22","execution_time":49,"metrics":[{"name":"AVG","distribution":[0,0,0,0,0,0,0,0,4,17],"topComparisons":[{"first_submission":"21新生赛-郭嘉昊_E.txt","second_submission":"21新生赛-郭嘉昊_I.txt","similarity":0.17454545454545456},{"first_submission":"21新生赛-郭嘉昊_E.txt","second_submission":"21新生赛-郭嘉昊_F.txt","similarity":0.14516129032258066},{"first_submission":"21新生赛-郭嘉昊_F.txt","second_submission":"21新生赛-郭嘉昊_I.txt","similarity":0.12631578947368421},{"first_submission":"21新生赛-黄天佑_E.txt","second_submission":"21新生赛-付用鹏_E.txt","similarity":0.11636363636363636},{"first_submission":"21新生赛-郭嘉昊_E.txt","second_submission":"21新生赛-付用鹏_E.txt","similarity":0.08239700374531835},{"first_submission":"21新生赛-黄天佑_F.txt","second_submission":"21新生赛-黄天佑_E.txt","similarity":0.04878048780487805},{"first_submission":"21新生赛-黄天佑_F.txt","second_submission":"21新生赛-付用鹏_E.txt","similarity":0.04424778761061947},{"first_submission":"21新生赛-付用鹏_E.txt","second_submission":"21新生赛-鲍一帆_E.txt","similarity":0.04415011037527594},{"first_submission":"21新生赛-付用鹏_E.txt","second_submission":"21新生赛-郭嘉昊_I.txt","similarity":0.039473684210526314},{"first_submission":"21新生赛-黄天佑_F.txt","second_submission":"21新生赛-郭嘉昊_I.txt","similarity":0.0},{"first_submission":"21新生赛-郭嘉昊_I.txt","second_submission":"21新生赛-鲍一帆_E.txt","similarity":0.0},{"first_submission":"21新生赛-黄天佑_E.txt","second_submission":"21新生赛-郭嘉昊_I.txt","similarity":0.0},{"first_submission":"21新生赛-黄天佑_F.txt","second_submission":"21新生赛-鲍一帆_E.txt","similarity":0.0},{"first_submission":"21新生赛-黄天佑_F.txt","second_submission":"21新生赛-郭嘉昊_E.txt","similarity":0.0},{"first_submission":"21新生赛-黄天佑_F.txt","second_submission":"21新生赛-郭嘉昊_F.txt","similarity":0.0},{"first_submission":"21新生赛-黄天佑_E.txt","second_submission":"21新生赛-鲍一帆_E.txt","similarity":0.0},{"first_submission":"21新生赛-郭嘉昊_E.txt","second_submission":"21新生赛-鲍一帆_E.txt","similarity":0.0},{"first_submission":"21新生赛-郭嘉昊_F.txt","second_submission":"21新生赛-鲍一帆_E.txt","similarity":0.0},{"first_submission":"21新生赛-郭嘉昊_E.txt","second_submission":"21新生赛-黄天佑_E.txt","similarity":0.0},{"first_submission":"21新生赛-黄天佑_E.txt","second_submission":"21新生赛-郭嘉昊_F.txt","similarity":0.0},{"first_submission":"21新生赛-郭嘉昊_F.txt","second_submission":"21新生赛-付用鹏_E.txt","similarity":0.0}],"description":"Average of both program coverages. This is the default similarity which works in most cases: Matches with a high average similarity indicate that the programs work in a very similar way."},{"name":"MAX","distribution":[0,0,0,0,0,0,0,1,3,17],"topComparisons":[{"first_submission":"21新生赛-郭嘉昊_E.txt","second_submission":"21新生赛-郭嘉昊_I.txt","similarity":0.20168067226890757},{"first_submission":"21新生赛-郭嘉昊_E.txt","second_submission":"21新生赛-郭嘉昊_F.txt","similarity":0.15126050420168066},{"first_submission":"21新生赛-郭嘉昊_F.txt","second_submission":"21新生赛-郭嘉昊_I.txt","similarity":0.13953488372093023},{"first_submission":"21新生赛-黄天佑_E.txt","second_submission":"21新生赛-付用鹏_E.txt","similarity":0.12598425196850394},{"first_submission":"21新生赛-郭嘉昊_E.txt","second_submission":"21新生赛-付用鹏_E.txt","similarity":0.09243697478991597},{"first_submission":"21新生赛-付用鹏_E.txt","second_submission":"21新生赛-鲍一帆_E.txt","similarity":0.06756756756756757},{"first_submission":"21新生赛-黄天佑_F.txt","second_submission":"21新生赛-黄天佑_E.txt","similarity":0.0641025641025641},{"first_submission":"21新生赛-黄天佑_F.txt","second_submission":"21新生赛-付用鹏_E.txt","similarity":0.0641025641025641},{"first_submission":"21新生赛-付用鹏_E.txt","second_submission":"21新生赛-郭嘉昊_I.txt","similarity":0.04054054054054054},{"first_submission":"21新生赛-黄天佑_F.txt","second_submission":"21新生赛-郭嘉昊_I.txt","similarity":0.0},{"first_submission":"21新生赛-郭嘉昊_I.txt","second_submission":"21新生赛-鲍一帆_E.txt","similarity":0.0},{"first_submission":"21新生赛-黄天佑_E.txt","second_submission":"21新生赛-郭嘉昊_I.txt","similarity":0.0},{"first_submission":"21新生赛-黄天佑_F.txt","second_submission":"21新生赛-鲍一帆_E.txt","similarity":0.0},{"first_submission":"21新生赛-黄天佑_F.txt","second_submission":"21新生赛-郭嘉昊_E.txt","similarity":0.0},{"first_submission":"21新生赛-黄天佑_F.txt","second_submission":"21新生赛-郭嘉昊_F.txt","similarity":0.0},{"first_submission":"21新生赛-黄天佑_E.txt","second_submission":"21新生赛-鲍一帆_E.txt","similarity":0.0},{"first_submission":"21新生赛-郭嘉昊_E.txt","second_submission":"21新生赛-鲍一帆_E.txt","similarity":0.0},{"first_submission":"21新生赛-郭嘉昊_F.txt","second_submission":"21新生赛-鲍一帆_E.txt","similarity":0.0},{"first_submission":"21新生赛-郭嘉昊_E.txt","second_submission":"21新生赛-黄天佑_E.txt","similarity":0.0},{"first_submission":"21新生赛-黄天佑_E.txt","second_submission":"21新生赛-郭嘉昊_F.txt","similarity":0.0},{"first_submission":"21新生赛-郭嘉昊_F.txt","second_submission":"21新生赛-付用鹏_E.txt","similarity":0.0}],"description":"Maximum of both program coverages. This ranking is especially useful if the programs are very different in size. This can happen when dead code was inserted to disguise the origin of the plagiarized program."}],"clusters":[]}